order_id,customer_id,order_date,order_status,payment_method,shipping_city,shipping_state
1,262,2024-12-31,Delivered,Net Banking,Ulhasnagar,Uttarakhand
2,283,2025-09-09,Delivered,COD,Imphal,Keralam
3,279,2026-01-03,Delivered,Credit Card,Ghaziabad,Keralam
4,13,2025-08-01,Processing,UPI,Ghaziabad,Sikkim
5,928,2025-01-05,Delivered,Debit Card,Chinsurah,Goa
6,237,2025-03-02,Delivered,UPI,Kakinada,Arunachal Pradesh
7,166,2026-06-22,Delivered,Credit Card,Rajpur Sonarpur,Keralam
8,152,2026-09-11,Delivered,Net Banking,Bhusawal,Nagaland
9,989,2026-04-12,Shipped,Debit Card,Nizamabad,Madhya Pradesh
10,477,2024-12-22,Delivered,Net Banking,Gwalior,Goa
11,327,2026-05-29,Shipped,COD,Coimbatore,Manipur
12,404,2026-02-25,Delivered,Debit Card,Machilipatnam,Uttarakhand
13,89,2025-10-27,Delivered,Debit Card,Bihar Sharif,Haryana
14,314,2025-01-21,Delivered,UPI,Gurgaon,Keralam
15,249,2026-10-06,Delivered,Credit Card,Rampur,Himachal Pradesh
16,804,2025-08-27,Delivered,Net Banking,Meerut,Himachal Pradesh
17,59,2024-11-09,Delivered,UPI,Haldia,Odisha
18,426,2025-03-10,Delivered,Credit Card,Bihar Sharif,Karnataka
19,791,2025-07-28,Shipped,UPI,Davanagere,Nagaland
20,834,2024-11-22,Delivered,COD,Gurgaon,Andhra Pradesh
21,513,2025-06-01,Delivered,Debit Card,Fatehpur,Odisha
22,223,2025-09-15,Shipped,Net Banking,Junagadh,Assam
23,337,2026-08-31,Delivered,Net Banking,Aurangabad,Karnataka
24,223,2024-12-10,Shipped,Credit Card,Hyderabad,Tripura
25,663,2025-12-03,Delivered,UPI,Solapur,Jharkhand
26,293,2026-08-07,Delivered,Credit Card,North Dumdum,Punjab
27,631,2026-05-20,Delivered,UPI,Kanpur,Jharkhand
28,656,2026-08-14,Shipped,Credit Card,Berhampore,Uttar Pradesh
29,940,2025-02-09,Delivered,Credit Card,Panchkula,Uttarakhand
30,371,2026-05-16,Delivered,Net Banking,Raipur,Uttar Pradesh
31,962,2026-09-22,Cancelled,Credit Card,Firozabad,Keralam
32,401,2025-06-03,Delivered,UPI,Hospet,Himachal Pradesh
33,681,2025-10-07,Processing,COD,Hospet,Mizoram
34,662,2025-10-31,Delivered,UPI,Vadodara,Tamil Nadu
35,818,2025-10-03,Processing,Credit Card,Maheshtala,Manipur
36,470,2025-05-08,Processing,Credit Card,Bongaigaon,Rajasthan
37,793,2026-09-17,Cancelled,UPI,Ghaziabad,Tripura
38,356,2026-09-06,Delivered,COD,Thrissur,Sikkim
39,492,2025-07-13,Shipped,Credit Card,Bhagalpur,Karnataka
40,500,2026-05-19,Shipped,Net Banking,Gangtok,Gujarat
41,705,2025-07-25,Delivered,UPI,Uluberia,Madhya Pradesh
42,619,2026-05-11,Delivered,Debit Card,Pune,Mizoram
43,79,2025-12-09,Cancelled,UPI,Aizawl,Telangana
44,810,2025-09-16,Delivered,Credit Card,Panchkula,Himachal Pradesh
45,759,2025-01-09,Delivered,Debit Card,Haridwar,Chhattisgarh
46,105,2026-01-29,Delivered,COD,Nagercoil,Himachal Pradesh
47,962,2025-05-30,Delivered,Credit Card,Hosur,Mizoram
48,661,2025-03-15,Shipped,Net Banking,Nagaon,Gujarat
49,85,2025-02-26,Delivered,UPI,Raipur,Keralam
50,492,2026-09-25,Delivered,Credit Card,Berhampore,Haryana
51,837,2024-12-22,Processing,Net Banking,Dindigul,West Bengal
52,280,2026-05-14,Delivered,Debit Card,Begusarai,Manipur
53,933,2026-07-02,Delivered,Debit Card,Hosur,Rajasthan
54,419,2024-10-31,Delivered,Net Banking,Eluru,Manipur
55,227,2025-12-12,Processing,UPI,Junagadh,Andhra Pradesh
56,357,2025-12-03,Cancelled,Net Banking,Udupi,Haryana
57,525,2025-06-27,Delivered,COD,Chandigarh,Telangana
58,689,2026-02-07,Delivered,Net Banking,Hubli–Dharwad,Manipur
59,928,2025-08-02,Delivered,Credit Card,Tadepalligudem,Punjab
60,195,2025-08-25,Delivered,Credit Card,Vasai-Virar,Sikkim
61,961,2025-08-19,Delivered,COD,Tinsukia,Meghalaya
62,528,2026-05-15,Delivered,Net Banking,Raiganj,Mizoram
63,128,2026-01-13,Delivered,COD,Ramagundam,Gujarat
64,927,2025-07-12,Delivered,COD,Rajpur Sonarpur,Gujarat
65,350,2026-08-16,Delivered,Debit Card,Malda,Chhattisgarh
66,621,2026-05-16,Processing,UPI,Raipur,Himachal Pradesh
67,699,2026-08-20,Delivered,Credit Card,Nandyal,Nagaland
68,14,2026-03-25,Delivered,Credit Card,Etawah,Uttar Pradesh
69,222,2025-07-21,Delivered,COD,Haridwar,Madhya Pradesh
70,687,2026-04-25,Processing,Credit Card,Chennai,Mizoram
71,325,2025-06-05,Delivered,Credit Card,Rajahmundry,Tripura
72,10,2025-04-24,Delivered,COD,Agartala,Odisha
73,24,2025-09-02,Delivered,UPI,Aizawl,Haryana
74,827,2026-09-16,Delivered,Net Banking,New Delhi,Haryana
75,154,2025-11-27,Cancelled,Debit Card,Vijayanagaram,Nagaland
76,101,2025-07-15,Delivered,COD,Kanpur,Himachal Pradesh
77,563,2025-09-10,Delivered,Debit Card,Jamnagar,Gujarat
78,119,2025-05-09,Shipped,Debit Card,Kadapa,Mizoram
79,654,2026-02-01,Delivered,COD,Thanjavur,Nagaland
80,545,2025-06-21,Delivered,COD,Aurangabad,Haryana
81,649,2025-11-17,Delivered,Net Banking,New Delhi,Arunachal Pradesh
82,492,2025-07-05,Delivered,Net Banking,Nellore,Sikkim
83,779,2025-05-30,Delivered,COD,Faridabad,Karnataka
84,645,2026-09-16,Processing,COD,Warangal,Nagaland
85,416,2025-06-17,Processing,Net Banking,Malegaon,Chhattisgarh
86,16,2024-11-28,Processing,Credit Card,Ratlam,Himachal Pradesh
87,274,2025-07-11,Delivered,Net Banking,Junagadh,Mizoram
88,132,2025-10-31,Delivered,Credit Card,Navi Mumbai,Bihar
89,16,2024-12-16,Delivered,Debit Card,Dibrugarh,Himachal Pradesh
90,274,2025-05-19,Cancelled,Debit Card,Gangtok,Rajasthan
91,207,2025-02-06,Shipped,COD,Bhilwara,Sikkim
92,77,2025-10-08,Delivered,Debit Card,North Dumdum,Jharkhand
93,313,2026-03-20,Delivered,COD,Tiruchirappalli,Bihar
94,507,2026-09-15,Shipped,COD,Indore,Andhra Pradesh
95,179,2025-07-19,Processing,COD,Hyderabad,Meghalaya
96,274,2026-06-30,Shipped,UPI,Bhopal,Punjab
97,21,2025-03-14,Delivered,Net Banking,Aurangabad,Mizoram
98,51,2026-05-01,Delivered,Credit Card,Nagpur,Keralam
99,158,2025-11-23,Delivered,Debit Card,Malda,Andhra Pradesh
100,453,2026-04-14,Delivered,Debit Card,Gaya,Gujarat
