item_id,order_id,product_id,quantity,unit_price,discount
1,1,78,3,28982.23,0.1
2,2,86,1,31249.79,0.0
3,2,9,3,82945.83,0.2
4,3,79,4,79640.81,0.1
5,3,75,3,97576.88,0.05
6,3,72,1,35917.37,0.2
7,4,82,1,45942.96,0.1
8,4,63,4,22365.23,0.0
9,4,55,4,32587.73,0.2
10,4,40,2,56534.92,0.15
11,5,76,3,13635.62,0.05
12,6,98,2,70034.57,0.2
13,7,20,2,49962.71,0.0
14,7,77,3,11536.68,0.0
15,7,76,3,13635.62,0.15
16,8,42,1,1692.53,0.1
17,8,73,4,30966.05,0.0
18,8,96,2,14343.94,0.0
19,8,36,3,62589.66,0.1
20,9,23,4,30009.73,0.1
21,9,57,1,20765.43,0.2
22,10,69,2,49433.1,0.2
23,10,10,4,61810.26,0.05
24,10,32,4,60352.18,0.05
25,11,69,3,49433.1,0.0
26,12,20,2,49962.71,0.15
27,12,79,2,79640.81,0.15
28,12,1,3,89844.75,0.1
29,12,80,3,13282.71,0.1
30,13,14,1,16335.78,0.0
31,14,66,4,47151.4,0.1
32,14,67,1,34983.82,0.15
33,15,100,4,95806.8,0.05
34,15,56,3,29822.76,0.0
35,15,63,2,22365.23,0.1
36,16,28,4,44212.99,0.0
37,16,41,4,56031.9,0.05
38,16,21,4,55124.37,0.05
39,16,100,2,95806.8,0.15
40,17,56,3,29822.76,0.15
41,18,41,2,56031.9,0.0
42,18,99,1,15661.83,0.0
43,18,65,4,20859.81,0.15
44,18,42,3,1692.53,0.1
45,19,90,2,104993.64,0.15
46,19,16,2,27105.05,0.1
47,19,51,1,33041.52,0.05
48,20,31,3,61878.21,0.15
49,21,9,2,82945.83,0.2
50,21,36,2,62589.66,0.2
51,21,96,2,14343.94,0.15
52,22,27,2,77838.64,0.15
53,22,77,2,11536.68,0.15
54,23,8,1,34387.71,0.1
55,23,27,3,77838.64,0.05
56,23,73,3,30966.05,0.05
57,23,44,4,15033.79,0.1
58,24,86,2,31249.79,0.15
59,24,46,3,37313.01,0.1
60,24,18,2,11954.15,0.15
61,25,59,1,43368.42,0.15
62,26,75,1,97576.88,0.1
63,26,9,1,82945.83,0.05
64,26,42,3,1692.53,0.0
65,27,18,2,11954.15,0.2
66,27,11,4,114348.12,0.1
67,27,59,2,43368.42,0.05
68,28,3,2,84256.74,0.1
69,28,30,2,59806.16,0.15
70,28,58,1,80553.87,0.0
71,29,68,2,86338.44,0.2
72,29,49,1,14879.15,0.1
73,30,80,3,13282.71,0.1
74,30,47,4,30444.01,0.1
75,30,27,2,77838.64,0.0
76,31,82,3,45942.96,0.0
77,31,1,2,89844.75,0.1
78,32,11,1,114348.12,0.05
79,32,67,1,34983.82,0.15
80,33,93,3,24027.98,0.2
81,33,77,4,11536.68,0.05
82,33,72,1,35917.37,0.0
83,34,56,3,29822.76,0.05
84,35,83,4,93060.02,0.05
85,35,47,1,30444.01,0.2
86,36,62,4,4128.68,0.2
87,36,29,1,9343.51,0.0
88,36,52,3,82555.72,0.0
89,37,44,1,15033.79,0.2
90,37,97,1,10904.41,0.15
91,38,12,1,55046.16,0.15
92,38,87,2,10166.22,0.15
93,38,22,2,93139.65,0.05
94,38,89,4,96375.64,0.0
95,39,27,4,77838.64,0.05
96,39,38,1,30287.95,0.0
97,39,74,1,26010.02,0.2
98,40,15,1,91587.33,0.0
99,40,74,2,26010.02,0.05
100,40,37,4,4747.92,0.15
