return_id,order_id,product_id,return_date,return_reason
1,2416,62,2026-08-04,Late Delivery
2,2873,6,2026-04-17,Damaged
3,2432,37,2026-07-07,Product Not Needed
4,1982,42,2026-05-15,Quality Issue
5,897,21,2026-05-28,Wrong Product
6,2531,14,2026-06-29,Wrong Product
7,1567,17,2026-05-01,Quality Issue
8,3621,4,2026-09-14,Damaged
9,1127,39,2026-04-25,Wrong Product
10,1434,45,2026-05-07,Product Not Needed
11,2832,41,2026-07-09,Late Delivery
12,2996,10,2026-05-28,Damaged
13,2695,56,2026-07-06,Product Not Needed
14,2978,45,2026-08-20,Damaged
15,2523,80,2026-05-17,Late Delivery
16,3226,100,2026-08-24,Late Delivery
17,2710,48,2026-08-12,Product Not Needed
18,2606,24,2026-07-06,Wrong Product
19,1606,31,2026-05-10,Damaged
20,2633,100,2026-07-30,Quality Issue
21,442,32,2026-07-11,Late Delivery
22,1034,55,2026-09-30,Wrong Product
23,678,90,2026-09-17,Product Not Needed
24,2170,80,2026-09-27,Late Delivery
25,2184,91,2026-09-25,Late Delivery
26,1924,99,2026-05-04,Product Not Needed
27,1357,34,2026-05-09,Wrong Product
28,4743,59,2026-05-13,Late Delivery
29,4252,18,2026-09-27,Late Delivery
30,1441,69,2026-09-24,Product Not Needed
31,2771,31,2026-08-18,Damaged
32,2707,96,2026-06-28,Product Not Needed
33,4380,32,2026-08-08,Late Delivery
34,999,52,2026-07-12,Quality Issue
35,4983,18,2026-09-06,Product Not Needed
36,1878,74,2026-05-29,Wrong Product
37,4906,97,2026-08-12,Product Not Needed
38,1896,64,2026-09-26,Damaged
39,4487,34,2026-05-27,Damaged
40,2923,36,2026-04-28,Late Delivery
41,1841,41,2026-10-05,Quality Issue
42,2817,45,2026-07-21,Quality Issue
43,3625,34,2026-05-12,Product Not Needed
44,1973,25,2026-06-02,Damaged
45,2832,83,2026-05-06,Quality Issue
46,1388,85,2026-07-25,Product Not Needed
47,4927,65,2026-08-01,Wrong Product
48,1269,66,2026-06-02,Quality Issue
49,4634,39,2026-09-10,Late Delivery
50,615,18,2026-08-25,Late Delivery
51,4503,84,2026-06-21,Wrong Product
52,553,73,2026-06-09,Quality Issue
53,598,89,2026-09-16,Product Not Needed
54,2174,21,2026-07-08,Product Not Needed
55,4228,1,2026-08-03,Late Delivery
56,1860,79,2026-07-09,Late Delivery
57,3190,100,2026-04-18,Damaged
58,2344,3,2026-09-24,Wrong Product
59,2124,49,2026-04-11,Wrong Product
60,682,36,2026-07-19,Quality Issue
61,723,66,2026-05-22,Late Delivery
62,4353,58,2026-07-23,Wrong Product
63,2042,56,2026-08-13,Late Delivery
64,2995,15,2026-05-22,Late Delivery
65,1182,22,2026-06-06,Wrong Product
66,3229,13,2026-09-12,Product Not Needed
67,2489,42,2026-06-03,Quality Issue
68,4826,29,2026-05-25,Product Not Needed
69,1933,95,2026-07-30,Damaged
70,1377,54,2026-04-24,Late Delivery
71,2508,62,2026-06-14,Product Not Needed
72,4381,95,2026-08-08,Product Not Needed
73,1141,71,2026-10-06,Late Delivery
74,669,89,2026-06-08,Quality Issue
75,2061,15,2026-08-31,Wrong Product
76,2648,51,2026-05-24,Product Not Needed
77,4042,13,2026-07-05,Damaged
78,2942,43,2026-07-15,Late Delivery
79,1168,15,2026-09-08,Product Not Needed
80,3628,67,2026-06-01,Wrong Product
81,2518,52,2026-09-08,Late Delivery
82,2117,90,2026-07-24,Product Not Needed
83,2737,30,2026-05-10,Product Not Needed
84,4544,20,2026-04-25,Product Not Needed
85,1731,67,2026-04-12,Wrong Product
86,842,72,2026-04-18,Damaged
87,3569,72,2026-06-29,Quality Issue
88,4730,98,2026-09-01,Damaged
89,1708,58,2026-05-09,Wrong Product
90,794,42,2026-05-16,Late Delivery
91,1902,89,2026-04-12,Damaged
92,3284,100,2026-06-12,Late Delivery
93,2120,22,2026-09-12,Late Delivery
94,4099,67,2026-07-09,Late Delivery
95,1008,23,2026-07-19,Wrong Product
96,193,37,2026-05-09,Damaged
97,19,44,2026-07-29,Quality Issue
98,2851,96,2026-08-09,Wrong Product
99,326,30,2026-09-23,Quality Issue
100,250,48,2026-05-10,Damaged
